,Unnamed: 0,Year,STATECOUNTY,ACS_N_TOTAL_POP,ACS_N_MALE,ACS_N_FEMALE,ACS_N_RACE_TOTAL_POP,ACS_N_RACE_WHITE,ACS_N_RACE_BLACK,ACS_N_RACE_AMERIND,ACS_N_RACE_ASIAN,ACS_N_RACE_HAWPACISL,ACS_N_RACE_OTHER,ACS_N_RACE_TWOORMORE,ACS_N_ETHN_HISPLAT_Y,ACS_N_ETHN_HISPLAT_N,ACS_N_POVERTY_STAT,ACS_N_POVERTY_STAT_BELOW_100_PCT,ACS_N_POVERTY_STAT_100_TO_149_PCT,ACS_N_POVERTY_STAT_ABOVE_150_PCT,ACS_N_INSURED_NON_INST,ACS_N_INSURED_NON_INST_UNDER_19,ACS_N_INSURED_NON_INST_19_TO_64,ACS_N_INSURED_NON_INST_OVER_65,ACS_N_DISABIL_Y,ACS_N_DISABIL_N,STATE,COUNTY,ACS_MED_AGE,ACS_MED_AGE_M,ACS_MED_AGE_F,ACS_MED_INCOME_PAST_12MO,ACS_MED_INCOME,N_BLACK,PCT_BLACK,N_NOT_WHITE,PCT_NOT_WHITE,N_UNINSURED,PCT_UNINSURED,N_POVERTY_STAT,PCT_POVERTY_STAT,N_DISABIL_STAT,PCT_DISABIL_STAT,COUNTY_NAME,bucket,bucket_idx,midpoint
152,152,2018,29189,998684,473610,525074,964954,676524,237047,1811,41297,290,7985,22792,27721,657497,967283,92947,62116,812220,920745,225969,530864,163912,111556,809189,29,189,40.45527638190955,38.367839195979904,42.13517587939699,36951.81909547739,36951.81909547739,237047,0.24565626962528783,288430,0.29890544005206465,77939,0.07804170288099138,92947,0.0960908027950455,111556,0.1211584097660047,St. Louis County,"(32000, 39000]",5,35500.0
190,190,2018,29510,311273,150532,160741,300542,142372,144255,720,9935,173,3087,6837,12063,133273,298721,71797,34328,192596,270728,61338,171861,37529,43382,227346,29,510,36.72641509433962,35.26792452830188,37.602830188679256,25693.877358490565,25693.877358490565,144255,0.4799828310186263,158170,0.5262825162539678,40545,0.13025543493974742,71797,0.24034801704600614,43382,0.1602420141248781,St. Louis City,"(25000, 32000]",4,28500.0
